{
    "1243336667461582859": {
        "9": {
            "ID": "9",
            "nome": "Não configurado",
            "quantidade": 1,
            "valor": 10
        },
        "status": "Pagando com pix",
        "user": "1016609618664882188",
        "username": "ps0biel",
        "preco": 10,
        "data": 1716504960592,
        "pagamento": "Pix",
        "cupomutilizado": "Nenhum",
        "valorcupom": 0,
        "produtos": [
            "9"
        ],
        "addprodutos": "nao",
        "avaliou": "nao",
        "idreembolso": "sem",
        "entregue": []
    },
    "1243337068155764756": {
        "9": {
            "ID": "9",
            "nome": "Não configurado",
            "quantidade": 1,
            "valor": 10
        },
        "status": "Pagando com pix",
        "user": "1016609618664882188",
        "username": "ps0biel",
        "preco": 10,
        "data": 1716505058195,
        "pagamento": "Pix",
        "cupomutilizado": "Nenhum",
        "valorcupom": 0,
        "produtos": [
            "9"
        ],
        "addprodutos": "nao",
        "avaliou": "nao",
        "idreembolso": "sem",
        "entregue": []
    },
    "1364757343832899676": {
        "status": "Gerenciando",
        "user": "1347019160512630876",
        "username": "obruhh",
        "preco": 0,
        "data": 1745453907375,
        "pagamento": "Pix",
        "cupomutilizado": "Nenhum",
        "valorcupom": 0,
        "produtos": [
            "robux"
        ],
        "addprodutos": "sim",
        "avaliou": "nao",
        "idreembolso": "sem",
        "entregue": [],
        "robux": {
            "ID": "robux",
            "nome": "Não configurado",
            "quantidade": 1,
            "valor": 10
        }
    },
    "1364757484618645686": {
        "status": "Pagando com pix",
        "user": "1347019160512630876",
        "username": "obruhh",
        "preco": 1,
        "data": 1745453940983,
        "pagamento": "Pix",
        "cupomutilizado": "Nenhum",
        "valorcupom": 0,
        "produtos": [
            "robux"
        ],
        "addprodutos": "nao",
        "avaliou": "nao",
        "idreembolso": "sem",
        "entregue": [],
        "robux": {
            "ID": "robux",
            "nome": "Não configurado",
            "quantidade": 1,
            "valor": "1"
        }
    },
    "1364760203974934592": {
        "status": "Pagando com pix",
        "user": "1347019160512630876",
        "username": "obruhh",
        "preco": 1,
        "data": 1745454589331,
        "pagamento": "Pix",
        "cupomutilizado": "Nenhum",
        "valorcupom": 0,
        "produtos": [
            "robux"
        ],
        "addprodutos": "nao",
        "avaliou": "nao",
        "idreembolso": "sem",
        "entregue": [],
        "robux": {
            "ID": "robux",
            "nome": "Não configurado",
            "quantidade": 1,
            "valor": "1"
        }
    },
    "1364762584863211681": {
        "status": "Pagando com pix",
        "user": "1347019160512630876",
        "username": "obruhh",
        "preco": 1,
        "data": 1745455156977,
        "pagamento": "Pix",
        "cupomutilizado": "Nenhum",
        "valorcupom": 0,
        "produtos": [
            "robux"
        ],
        "addprodutos": "nao",
        "avaliou": "nao",
        "idreembolso": "sem",
        "entregue": [],
        "robux": {
            "ID": "robux",
            "nome": "Não configurado",
            "quantidade": 1,
            "valor": "1"
        }
    },
    "1364764844489707550": {
        "status": "Pagando com pix",
        "user": "1347019160512630876",
        "username": "obruhh",
        "preco": 1,
        "data": 1745455695725,
        "pagamento": "Pix",
        "cupomutilizado": "Nenhum",
        "valorcupom": 0,
        "produtos": [
            "robux"
        ],
        "addprodutos": "nao",
        "avaliou": "nao",
        "idreembolso": "sem",
        "entregue": [],
        "robux": {
            "ID": "robux",
            "nome": "Não configurado",
            "quantidade": 1,
            "valor": "1"
        }
    }
}