{
    "9": {
        "nome": "Não configurado",
        "desc": "Não configurado ainda",
        "preco": 10,
        "estoque": [
            "22",
            "22",
            "22",
            "22",
            "22",
            "22",
            "22",
            "22",
            "22",
            "22",
            "22",
            "22",
            "22",
            "22",
            "22",
            "22",
            "22",
            "22",
            "22",
            "22",
            "22",
            "22"
        ],
        "banner": null,
        "thumb": null,
        "cor": "#00FFFF",
        "cupom": "ON",
        "categoria": null,
        "idmsg": "1364767491502637106",
        "idcanal": "1364256536368644188",
        "cargo": "null",
        "notify": []
    },
    "robux": {
        "nome": "Não configurado",
        "desc": "Não configurado ainda",
        "preco": "1",
        "estoque": [
            "Abrir ticket"
        ],
        "banner": null,
        "thumb": null,
        "cor": "#00FFFF",
        "cupom": "ON",
        "categoria": null,
        "idmsg": "1364757025158070336",
        "idcanal": "1364256536368644188",
        "cargo": "null",
        "notify": []
    }
}